asin,title,link,price,rating,ratings_total,is_prime,is_amazon_choice,is_best_seller,position,collected_at,source
B0BQPNMXQV,"JBL Vibe Beam - True Wireless JBL Deep Bass Sound Earbuds, Bluetooth 5.2, Water & Dust Resistant, Hands-Free Call with VoiceAware, Up to 32 Hours of Battery Life (Black)",https://www.amazon.com/JBL-Vibe-Beam-Wireless-Headphones/dp/B0BQPNMXQV/ref=sr_1_1?dib=eyJ2IjoiMSJ9.58N6zrlVEQi2ESml9e12fxY2chREG03lDV1l_QgPg7AJdpJcjcBNKJsO-ExwvwCsOSaIcnyyT2DjnJR_L7b6U_f7AOtlen4uQpiiseCKNSsSs2DlNFg3o_6yXp0piL0h_iv3wNwlifWiiheVeR63UlY5-NNBvFixqLfy288gFROdlUv8CnjF63gopPmIZLOgPtzruJz92yyTsZX5ZKO91mnV1wGf-FOHkeSIY0tehFA.FJNBBgq5v3PNNwtvy-C1Z3OG7z3HzpSmbJ-yYG1y23s&dib_tag=se&keywords=wireless&qid=1774582918&sr=8-1,"{'symbol': '$', 'value': 29.94, 'raw': '$29.94'}",4.3,36211,False,False,False,1,2026-03-27T03:42:01.667966,rainforest_api
B079JLY5M5,"Logitech MK270 Wireless Keyboard and Mouse Combo for Windows, 2.4 GHz Wireless, Compact Mouse, 8 Multimedia and Shortcut Keys, 2-Year Battery Life, for PC, Laptop - Black",https://www.amazon.com/Logitech-MK270-Wireless-Keyboard-Mouse/dp/B079JLY5M5/ref=sr_1_2?dib=eyJ2IjoiMSJ9.58N6zrlVEQi2ESml9e12fxY2chREG03lDV1l_QgPg7AJdpJcjcBNKJsO-ExwvwCsOSaIcnyyT2DjnJR_L7b6U_f7AOtlen4uQpiiseCKNSsSs2DlNFg3o_6yXp0piL0h_iv3wNwlifWiiheVeR63UlY5-NNBvFixqLfy288gFROdlUv8CnjF63gopPmIZLOgPtzruJz92yyTsZX5ZKO91mnV1wGf-FOHkeSIY0tehFA.FJNBBgq5v3PNNwtvy-C1Z3OG7z3HzpSmbJ-yYG1y23s&dib_tag=se&keywords=wireless&qid=1774582918&sr=8-2,"{'symbol': '$', 'value': 24.99, 'raw': '$24.99'}",4.5,107831,False,False,False,2,2026-03-27T03:42:01.667977,rainforest_api
B004YAVF8I,"Logitech M185 Wireless Mouse, 2.4GHz with USB Mini Receiver, 12-Month Battery Life, 1000 DPI Optical Tracking, Ambidextrous PC/Mac/Laptop - Swift Grey",https://www.amazon.com/Logitech-Wireless-Mouse-M185-Swift/dp/B004YAVF8I/ref=sr_1_3?dib=eyJ2IjoiMSJ9.58N6zrlVEQi2ESml9e12fxY2chREG03lDV1l_QgPg7AJdpJcjcBNKJsO-ExwvwCsOSaIcnyyT2DjnJR_L7b6U_f7AOtlen4uQpiiseCKNSsSs2DlNFg3o_6yXp0piL0h_iv3wNwlifWiiheVeR63UlY5-NNBvFixqLfy288gFROdlUv8CnjF63gopPmIZLOgPtzruJz92yyTsZX5ZKO91mnV1wGf-FOHkeSIY0tehFA.FJNBBgq5v3PNNwtvy-C1Z3OG7z3HzpSmbJ-yYG1y23s&dib_tag=se&keywords=wireless&qid=1774582918&sr=8-3,"{'symbol': '$', 'value': 12.99, 'raw': '$12.99'}",4.5,41042,False,False,False,3,2026-03-27T03:42:01.667980,rainforest_api
B0DGV4T6BK,Jemluse Wireless CarPlay Adapter for Apple iPhone - Multi-User Seamless Connection for Convert Wired to Wireless Car Play Adapter - No Latency from iOS 10+ to Screen w/USB C (Gray),https://www.amazon.com/Jemluse-Wireless-CarPlay-Adapter-Upgraded/dp/B0DGV4T6BK/ref=sr_1_4?dib=eyJ2IjoiMSJ9.58N6zrlVEQi2ESml9e12fxY2chREG03lDV1l_QgPg7AJdpJcjcBNKJsO-ExwvwCsOSaIcnyyT2DjnJR_L7b6U_f7AOtlen4uQpiiseCKNSsSs2DlNFg3o_6yXp0piL0h_iv3wNwlifWiiheVeR63UlY5-NNBvFixqLfy288gFROdlUv8CnjF63gopPmIZLOgPtzruJz92yyTsZX5ZKO91mnV1wGf-FOHkeSIY0tehFA.FJNBBgq5v3PNNwtvy-C1Z3OG7z3HzpSmbJ-yYG1y23s&dib_tag=se&keywords=wireless&qid=1774582918&sr=8-4,"{'symbol': '$', 'value': 28.49, 'raw': '$28.49'}",4.4,9532,False,False,False,4,2026-03-27T03:42:01.667983,rainforest_api
B015NBTAOW,"TECKNET Wireless Mouse, 2.4G Ergonomic Optical Mouse, Computer Mouse for Laptop, PC, Computer, Chromebook, Notebook, 6 Buttons, 24 Months Battery Life, 2600 DPI, 5 Adjustment Levels - Purple",https://www.amazon.com/TeckNet-Ergonomic-Wireless-Chromebook-Adjustment/dp/B015NBTAOW/ref=sr_1_5?dib=eyJ2IjoiMSJ9.58N6zrlVEQi2ESml9e12fxY2chREG03lDV1l_QgPg7AJdpJcjcBNKJsO-ExwvwCsOSaIcnyyT2DjnJR_L7b6U_f7AOtlen4uQpiiseCKNSsSs2DlNFg3o_6yXp0piL0h_iv3wNwlifWiiheVeR63UlY5-NNBvFixqLfy288gFROdlUv8CnjF63gopPmIZLOgPtzruJz92yyTsZX5ZKO91mnV1wGf-FOHkeSIY0tehFA.FJNBBgq5v3PNNwtvy-C1Z3OG7z3HzpSmbJ-yYG1y23s&dib_tag=se&keywords=wireless&qid=1774582918&sr=8-5,"{'symbol': '$', 'value': 9.99, 'raw': '$9.99'}",4.5,76817,False,False,False,5,2026-03-27T03:42:01.667985,rainforest_api
B0G6CNF8RM,"Wireless Earbuds, Sports Bluetooth Headphones, 80Hrs Playtime Ear Buds with LED Power Display, Noise Canceling Headset, IPX7 Waterproof Earphones for Workout/Running（Rose Gold）",https://www.amazon.com/HAOYUYAN-Bluetooth-Headphones-Waterproof-Running%EF%BC%88Rose/dp/B0G6CNF8RM/ref=sr_1_6?dib=eyJ2IjoiMSJ9.58N6zrlVEQi2ESml9e12fxY2chREG03lDV1l_QgPg7AJdpJcjcBNKJsO-ExwvwCsOSaIcnyyT2DjnJR_L7b6U_f7AOtlen4uQpiiseCKNSsSs2DlNFg3o_6yXp0piL0h_iv3wNwlifWiiheVeR63UlY5-NNBvFixqLfy288gFROdlUv8CnjF63gopPmIZLOgPtzruJz92yyTsZX5ZKO91mnV1wGf-FOHkeSIY0tehFA.FJNBBgq5v3PNNwtvy-C1Z3OG7z3HzpSmbJ-yYG1y23s&dib_tag=se&keywords=wireless&qid=1774582918&sr=8-6,"{'symbol': '$', 'value': 22.79, 'raw': '$22.79'}",4.5,1450,False,False,False,6,2026-03-27T03:42:01.667988,rainforest_api
B0DGJ7HYG1,"Apple AirPods 4 Wireless Earbuds, Bluetooth Headphones, with Active Noise Cancellation, Adaptive, Transparency Mode, Personalized Spatial Audio, USB-C Charging Case, Wireless Charging, H2 Chip",https://www.amazon.com/Apple-Headphones-Cancellation-Transparency-Personalized/dp/B0DGJ7HYG1/ref=sr_1_7?dib=eyJ2IjoiMSJ9.58N6zrlVEQi2ESml9e12fxY2chREG03lDV1l_QgPg7AJdpJcjcBNKJsO-ExwvwCsOSaIcnyyT2DjnJR_L7b6U_f7AOtlen4uQpiiseCKNSsSs2DlNFg3o_6yXp0piL0h_iv3wNwlifWiiheVeR63UlY5-NNBvFixqLfy288gFROdlUv8CnjF63gopPmIZLOgPtzruJz92yyTsZX5ZKO91mnV1wGf-FOHkeSIY0tehFA.FJNBBgq5v3PNNwtvy-C1Z3OG7z3HzpSmbJ-yYG1y23s&dib_tag=se&keywords=wireless&qid=1774582918&sr=8-7,"{'symbol': '$', 'value': 148.99, 'raw': '$148.99'}",4.5,45170,False,False,False,7,2026-03-27T03:42:01.667990,rainforest_api
B087Z5WDJ2,"Logitech M510 Wireless Mouse, 2.4 GHz with USB Unifying Receiver, 1000 DPI Laser-Grade Tracking, 7-Buttons, 24-Months Battery Life, PC/Mac/Laptop - Graphite",https://www.amazon.com/Logitech-Wireless-Computer-Unifying-Receiver/dp/B087Z5WDJ2/ref=sr_1_8?dib=eyJ2IjoiMSJ9.58N6zrlVEQi2ESml9e12fxY2chREG03lDV1l_QgPg7AJdpJcjcBNKJsO-ExwvwCsOSaIcnyyT2DjnJR_L7b6U_f7AOtlen4uQpiiseCKNSsSs2DlNFg3o_6yXp0piL0h_iv3wNwlifWiiheVeR63UlY5-NNBvFixqLfy288gFROdlUv8CnjF63gopPmIZLOgPtzruJz92yyTsZX5ZKO91mnV1wGf-FOHkeSIY0tehFA.FJNBBgq5v3PNNwtvy-C1Z3OG7z3HzpSmbJ-yYG1y23s&dib_tag=se&keywords=wireless&qid=1774582918&sr=8-8,"{'symbol': '$', 'value': 27.99, 'raw': '$27.99'}",4.6,34641,False,False,False,8,2026-03-27T03:42:01.667992,rainforest_api
B0CRKS96NS,JOYO Wireless Guitar System 5.8GHz Wireless Guitar Transmitter Receiver with Charging Box 4 Signal Channel for Guitar Bass Electric Instruments (JW-06),https://www.amazon.com/JOYO-Wireless-Transmitter-Receiver-Instruments/dp/B0CRKS96NS/ref=sr_1_9?dib=eyJ2IjoiMSJ9.58N6zrlVEQi2ESml9e12fxY2chREG03lDV1l_QgPg7AJdpJcjcBNKJsO-ExwvwCsOSaIcnyyT2DjnJR_L7b6U_f7AOtlen4uQpiiseCKNSsSs2DlNFg3o_6yXp0piL0h_iv3wNwlifWiiheVeR63UlY5-NNBvFixqLfy288gFROdlUv8CnjF63gopPmIZLOgPtzruJz92yyTsZX5ZKO91mnV1wGf-FOHkeSIY0tehFA.FJNBBgq5v3PNNwtvy-C1Z3OG7z3HzpSmbJ-yYG1y23s&dib_tag=se&keywords=wireless&qid=1774582918&sr=8-9,"{'symbol': '$', 'value': 55.99, 'raw': '$55.99'}",4.3,1186,False,False,False,9,2026-03-27T03:42:01.667994,rainforest_api
B07CMS5Q6P,"Logitech G305 Lightspeed Wireless Gaming Mouse, Hero Sensor, 12,000 DPI, Lightweight, 6 Programmable Buttons, 250h Battery, On-Board Memory, Compatible with PC, Mac - Black",https://www.amazon.com/Logitech-LIGHTSPEED-Wireless-Gaming-Mouse/dp/B07CMS5Q6P/ref=sr_1_10?dib=eyJ2IjoiMSJ9.58N6zrlVEQi2ESml9e12fxY2chREG03lDV1l_QgPg7AJdpJcjcBNKJsO-ExwvwCsOSaIcnyyT2DjnJR_L7b6U_f7AOtlen4uQpiiseCKNSsSs2DlNFg3o_6yXp0piL0h_iv3wNwlifWiiheVeR63UlY5-NNBvFixqLfy288gFROdlUv8CnjF63gopPmIZLOgPtzruJz92yyTsZX5ZKO91mnV1wGf-FOHkeSIY0tehFA.FJNBBgq5v3PNNwtvy-C1Z3OG7z3HzpSmbJ-yYG1y23s&dib_tag=se&keywords=wireless&qid=1774582918&sr=8-10,"{'symbol': '$', 'value': 26.99, 'raw': '$26.99'}",4.6,37710,False,False,False,10,2026-03-27T03:42:01.667996,rainforest_api
B089KV4YYX,"Logitech MK295 Wireless Mouse & Keyboard Combo with SilentTouch Technology, Full Numpad, Advanced Optical Tracking, Lag-Free Wireless, 90% Less Noise - Graphite",https://www.amazon.com/Logitech-Wireless-Keyboard-SilentTouch-Technology/dp/B089KV4YYX/ref=sr_1_11?dib=eyJ2IjoiMSJ9.58N6zrlVEQi2ESml9e12fxY2chREG03lDV1l_QgPg7AJdpJcjcBNKJsO-ExwvwCsOSaIcnyyT2DjnJR_L7b6U_f7AOtlen4uQpiiseCKNSsSs2DlNFg3o_6yXp0piL0h_iv3wNwlifWiiheVeR63UlY5-NNBvFixqLfy288gFROdlUv8CnjF63gopPmIZLOgPtzruJz92yyTsZX5ZKO91mnV1wGf-FOHkeSIY0tehFA.FJNBBgq5v3PNNwtvy-C1Z3OG7z3HzpSmbJ-yYG1y23s&dib_tag=se&keywords=wireless&qid=1774582918&sr=8-11,"{'symbol': '$', 'value': 32.95, 'raw': '$32.95'}",4.4,13639,False,False,False,11,2026-03-27T03:42:01.667999,rainforest_api
B08R8DT7X6,"Logitech G435 Lightspeed & Bluetooth Wireless Gaming Headset - Lightweight Over-Ear Headphones, Built-in mics, 18h Battery, Dolby Atmos, PC, PS4, PS5, Nintendo Switch/Switch 2, Mobile - Black",https://www.amazon.com/Logitech-G435-Wireless-Gaming-Headset/dp/B08R8DT7X6/ref=sr_1_12?dib=eyJ2IjoiMSJ9.58N6zrlVEQi2ESml9e12fxY2chREG03lDV1l_QgPg7AJdpJcjcBNKJsO-ExwvwCsOSaIcnyyT2DjnJR_L7b6U_f7AOtlen4uQpiiseCKNSsSs2DlNFg3o_6yXp0piL0h_iv3wNwlifWiiheVeR63UlY5-NNBvFixqLfy288gFROdlUv8CnjF63gopPmIZLOgPtzruJz92yyTsZX5ZKO91mnV1wGf-FOHkeSIY0tehFA.FJNBBgq5v3PNNwtvy-C1Z3OG7z3HzpSmbJ-yYG1y23s&dib_tag=se&keywords=wireless&qid=1774582918&sr=8-12,"{'symbol': '$', 'value': 39.99, 'raw': '$39.99'}",4.2,10809,False,False,False,12,2026-03-27T03:42:01.668002,rainforest_api
B0F5HPCLGB,"acer Wireless Mouse for Laptop, 2.4GHz Computer Mouse 3 Adjustable DPI Office Cordless USB Mice with USBA Receiver, 6 Buttons, 1600 DPI, Medium to Large Sized Hands Compatible with PC, Laptop, Desktop",https://www.amazon.com/acer-Wireless-Computer-Adjustable-Compatible/dp/B0F5HPCLGB/ref=sr_1_13?dib=eyJ2IjoiMSJ9.58N6zrlVEQi2ESml9e12fxY2chREG03lDV1l_QgPg7AJdpJcjcBNKJsO-ExwvwCsOSaIcnyyT2DjnJR_L7b6U_f7AOtlen4uQpiiseCKNSsSs2DlNFg3o_6yXp0piL0h_iv3wNwlifWiiheVeR63UlY5-NNBvFixqLfy288gFROdlUv8CnjF63gopPmIZLOgPtzruJz92yyTsZX5ZKO91mnV1wGf-FOHkeSIY0tehFA.FJNBBgq5v3PNNwtvy-C1Z3OG7z3HzpSmbJ-yYG1y23s&dib_tag=se&keywords=wireless&qid=1774582918&sr=8-13,"{'symbol': '$', 'value': 9.47, 'raw': '$9.47'}",4.5,4211,False,False,False,13,2026-03-27T03:42:01.668005,rainforest_api
B0BS1RT9S2,"Sony WH-CH520 Wireless Headphones Bluetooth On-Ear Headset with Microphone and up to 50 Hours Battery Life with Quick Charging, Blue",https://www.amazon.com/Sony-WH-CH520-Headphones-Bluetooth-Microphone/dp/B0BS1RT9S2/ref=sr_1_14?dib=eyJ2IjoiMSJ9.58N6zrlVEQi2ESml9e12fxY2chREG03lDV1l_QgPg7AJdpJcjcBNKJsO-ExwvwCsOSaIcnyyT2DjnJR_L7b6U_f7AOtlen4uQpiiseCKNSsSs2DlNFg3o_6yXp0piL0h_iv3wNwlifWiiheVeR63UlY5-NNBvFixqLfy288gFROdlUv8CnjF63gopPmIZLOgPtzruJz92yyTsZX5ZKO91mnV1wGf-FOHkeSIY0tehFA.FJNBBgq5v3PNNwtvy-C1Z3OG7z3HzpSmbJ-yYG1y23s&dib_tag=se&keywords=wireless&qid=1774582918&sr=8-14,"{'symbol': '$', 'value': 48, 'raw': '$48.00'}",4.5,30836,False,False,False,14,2026-03-27T03:42:01.668007,rainforest_api
B0FHWK3W1S,"Anker Prime 3-in-1 Wireless Charging Station, MagSafe Charger Stand Compatible, Qi2 25W Certified Palm-Sized Foldable Charger for iPhone 17/16, Apple Watch, AirPods (Non-Battery, Adapter Included)",https://www.amazon.com/Anker-Compatible-Certified-Palm-Sized-Non-Battery/dp/B0FHWK3W1S/ref=sr_1_15?dib=eyJ2IjoiMSJ9.58N6zrlVEQi2ESml9e12fxY2chREG03lDV1l_QgPg7AJdpJcjcBNKJsO-ExwvwCsOSaIcnyyT2DjnJR_L7b6U_f7AOtlen4uQpiiseCKNSsSs2DlNFg3o_6yXp0piL0h_iv3wNwlifWiiheVeR63UlY5-NNBvFixqLfy288gFROdlUv8CnjF63gopPmIZLOgPtzruJz92yyTsZX5ZKO91mnV1wGf-FOHkeSIY0tehFA.FJNBBgq5v3PNNwtvy-C1Z3OG7z3HzpSmbJ-yYG1y23s&dib_tag=se&keywords=wireless&qid=1774582918&sr=8-15,"{'symbol': '$', 'value': 104.99, 'raw': '$104.99'}",4.6,130,False,False,False,15,2026-03-27T03:42:01.668009,rainforest_api
B0FBGG142J,OEAK Womens Wireless Jelly Bra Plus Size Supportive Seamless Bras Full Coverage Push Up Comfortable No Underwire Tshirt Bras,https://www.amazon.com/OEAK-Wireless-Supportive-Comfortable-Underwire/dp/B0FBGG142J/ref=sr_1_16?dib=eyJ2IjoiMSJ9.58N6zrlVEQi2ESml9e12fxY2chREG03lDV1l_QgPg7AJdpJcjcBNKJsO-ExwvwCsOSaIcnyyT2DjnJR_L7b6U_f7AOtlen4uQpiiseCKNSsSs2DlNFg3o_6yXp0piL0h_iv3wNwlifWiiheVeR63UlY5-NNBvFixqLfy288gFROdlUv8CnjF63gopPmIZLOgPtzruJz92yyTsZX5ZKO91mnV1wGf-FOHkeSIY0tehFA.FJNBBgq5v3PNNwtvy-C1Z3OG7z3HzpSmbJ-yYG1y23s&dib_tag=se&keywords=wireless&qid=1774582918&sr=8-16,"{'symbol': '$', 'value': 18.99, 'raw': '$18.99'}",4.1,4326,False,False,False,16,2026-03-27T03:42:01.668011,rainforest_api
